url,http_status,checked_at,first_hop_status,final_url
https://arxiv.org/abs/2308.15560,200,2026-09-27T11:36:29+00:00,200,https://arxiv.org/abs/2308.15560
https://arxiv.org/abs/2002.00469,200,2026-09-27T11:36:30+00:00,200,https://arxiv.org/abs/2002.00469
https://arxiv.org/abs/2605.01126,200,2026-09-27T11:36:31+00:00,200,https://arxiv.org/abs/2605.01126
https://doi.org/10.5194/gmd-14-107-2021,200,2026-09-27T11:36:33+00:00,302,https://gmd.copernicus.org/articles/14/107/2021/
https://doi.org/10.1038/s41597-025-05480-0,200,2026-09-27T11:36:37+00:00,302,https://www.nature.com/articles/s41597-025-05480-0
https://arxiv.org/abs/1612.02095,200,2026-09-27T11:36:38+00:00,200,https://arxiv.org/abs/1612.02095
https://arxiv.org/abs/2012.09670,200,2026-09-27T11:36:39+00:00,200,https://arxiv.org/abs/2012.09670
https://api.crossref.org/works/10.1029/2021MS002954,200,2026-09-27T11:36:41+00:00,200,https://api.crossref.org/works/10.1029/2021MS002954
https://www.ecmwf.int/en/about/media-centre/science-blog/2025/ai-weather-quest-uniting-international-expertise-advance,200,2026-09-27T11:36:44+00:00,200,https://www.ecmwf.int/en/about/media-centre/science-blog/2025/ai-weather-quest-uniting-international-expertise-advance
https://neurips.cc/virtual/2023/competition/66592,200,2026-09-27T11:36:48+00:00,200,https://neurips.cc/virtual/2023/competition/66592
https://github.com/drivendataorg/wind-dependent-variables,200,2026-09-27T11:36:49+00:00,200,https://github.com/drivendataorg/wind-dependent-variables
https://arxiv.org/abs/2507.04930,200,2026-09-27T11:36:50+00:00,200,https://arxiv.org/abs/2507.04930
https://arxiv.org/abs/2212.12794,200,2026-09-27T11:36:51+00:00,200,https://arxiv.org/abs/2212.12794
https://arxiv.org/abs/2312.15796,200,2026-09-27T11:36:52+00:00,200,https://arxiv.org/abs/2312.15796
https://api.crossref.org/works/10.1256/qj.02.152,200,2026-09-27T11:36:54+00:00,200,https://api.crossref.org/works/10.1256/qj.02.152
https://www.ecmwf.int/en/elibrary/80443-recent-developments-extreme-weather-forecasting,200,2026-09-27T11:36:56+00:00,200,https://www.ecmwf.int/en/elibrary/80443-recent-developments-extreme-weather-forecasting
https://doi.org/10.5194/gmd-10-1069-2017,200,2026-09-27T11:36:58+00:00,302,https://gmd.copernicus.org/articles/10/1069/2017/
https://doi.org/10.5194/gmd-14-5023-2021,200,2026-09-27T11:37:00+00:00,302,https://gmd.copernicus.org/articles/14/5023/2021/
https://doi.org/10.5194/gmd-15-6759-2022,200,2026-09-27T11:37:02+00:00,302,https://gmd.copernicus.org/articles/15/6759/2022/
https://doi.org/10.1175/2009BAMS2755.1,202,2026-09-27T11:37:05+00:00,302,https://journals.ametsoc.org/doi/10.1175/2009BAMS2755.1
https://api.crossref.org/works/10.1002/met.1867,200,2026-09-27T11:37:07+00:00,200,https://api.crossref.org/works/10.1002/met.1867
https://doi.org/10.1016/j.atmosres.2019.104832,200,2026-09-27T11:37:09+00:00,302,https://linkinghub.elsevier.com/retrieve/pii/S0169809519305484
https://doi.org/10.1016/j.atmosres.2020.105255,200,2026-09-27T11:37:11+00:00,302,https://linkinghub.elsevier.com/retrieve/pii/S0169809520311923
https://doi.org/10.1016/j.tcrr.2020.04.003,200,2026-09-27T11:37:13+00:00,302,https://linkinghub.elsevier.com/retrieve/pii/S2225603220300175
https://arxiv.org/abs/2309.15214,200,2026-09-27T11:37:14+00:00,200,https://arxiv.org/abs/2309.15214
https://arxiv.org/abs/2006.11239,200,2026-09-27T11:37:14+00:00,200,https://arxiv.org/abs/2006.11239
https://arxiv.org/abs/2010.02502,200,2026-09-27T11:37:15+00:00,200,https://arxiv.org/abs/2010.02502
https://arxiv.org/abs/2208.05424,200,2026-09-27T11:37:16+00:00,200,https://arxiv.org/abs/2208.05424
https://arxiv.org/abs/2203.12297,200,2026-09-27T11:37:17+00:00,200,https://arxiv.org/abs/2203.12297
https://api.crossref.org/works/10.1029/2025JD044167,200,2026-09-27T11:37:19+00:00,200,https://api.crossref.org/works/10.1029/2025JD044167
https://doi.org/10.1088/2752-5295/ae6885,200,2026-09-27T11:37:22+00:00,302,"https://validate.perfdrive.com/fb803c746e9148689b3984a31fccd902/?ssa=4d9cebd6-690c-4766-82c8-72eea6add404&ssb=48985275323&ssc=https%3A%2F%2Fiopscience.iop.org%2Farticle%2F10.1088%2F2752-5295%2Fae6885&ssi=3d0629b5-cnvj-4046-8507-fc9d70bba2f3&ssk=botmanager_support@radware.com&ssm=36846442385657433103684825871294&ssn=04c96ad9e06648f1f6071df455ff4527e44dbeee1cd5-82f0-43aa-a8093e&sso=884291d4-51afe34adf5e58540f061464b2721779c5dd2dedd4c159ef&ssp=02752041441790595622179056812904019&ssq=78509650904116173962609041873023867099540&ssr=MjAzLjExMC4yNDIuMzE=&sst=Mozilla/5.0%20(Windows%20NT%2010.0;%20Win64;%20x64)%20AppleWebKit/537.36%20(KHTML,%20like%20Gecko)%20Chrome/126.0%20Safari/537.36&ssu=&ssv=&ssw=&ssx=eyJyZCI6ImlvcC5vcmciLCJ1em14IjoiN2ZjMDAwZmU5MmQ5MGEtNWU3Ny00NTQxLWI3MGQtOGQ5OWY0N2MzODAwMS0xNzkwNTA5MDQxMDc1MC0wMDY3NDJkOWEzNTYwNzQyZjI3MTAiLCJfX3V6bWYiOiI3ZjkwMDBiZWVlMWNkNS04MmYwLTQzYWEtYTFkNC01MWFmZTM0YWRmNWUxLTE3OTA1MDkwNDEwNzUwLTAwNTk1MGVjZDY2NmU4MDFlOWMxMCJ9"
https://github.com/krishnendukoley2007-arch/aero-track-4d,200,2026-09-27T11:37:25+00:00,200,https://github.com/krishnendukoley2007-arch/aero-track-4d
https://github.com/yadavayush834/avarta_test,200,2026-09-27T11:37:27+00:00,200,https://github.com/yadavayush834/avarta_test
https://github.com/diiviikk5/Avarta,200,2026-09-27T11:37:28+00:00,200,https://github.com/diiviikk5/Avarta
https://github.com/sauravrajput2124-cmyk/SIH26078-weather-anomaly-ai,200,2026-09-27T11:37:30+00:00,200,https://github.com/sauravrajput2124-cmyk/SIH26078-weather-anomaly-ai
https://github.com/Srujanmirji/MEGHA-DRISHTI,200,2026-09-27T11:37:31+00:00,200,https://github.com/Srujanmirji/MEGHA-DRISHTI
https://github.com/ErrGuhan/Chakra-Net,200,2026-09-27T11:37:32+00:00,200,https://github.com/ErrGuhan/Chakra-Net
