SID,NAME,ISO_TIME,LAT,LON,WMO_WIND,WMO_PRES,USA_WIND,USA_PRES,USA_RMW,NEWDELHI_WIND,NEWDELHI_PRES,USA_SSHS,DIST2LAND
2023334N08088,MICHAUNG,2023-11-30 06:00:00,7.5,88.0, , ,15,1008,65, , ,-3,675
2023334N08088,MICHAUNG,2023-11-30 09:00:00,7.9,87.6, , ,15,1008,70, , ,-3,637
2023334N08088,MICHAUNG,2023-11-30 12:00:00,8.2,87.2, , ,15,1008,75, , ,-3,599
2023334N08088,MICHAUNG,2023-11-30 15:00:00,8.3,86.8, , ,15,1009,98, , ,-3,556
2023334N08088,MICHAUNG,2023-11-30 18:00:00,8.4,86.4, , ,15,1009,120, , ,-3,514
2023334N08088,MICHAUNG,2023-11-30 21:00:00,8.5,86.0, , ,15,1007,120, , ,-3,473
2023334N08088,MICHAUNG,2023-12-01 00:00:00,8.8,85.8,20,1002,15,1004,120,20,1002,-3,460
2023334N08088,MICHAUNG,2023-12-01 03:00:00,9.0,85.6,20,1002,15,1004,105,20,1002,-3,446
2023334N08088,MICHAUNG,2023-12-01 06:00:00,9.2,85.4,25,1002,15,1003,90,25,1002,-3,434
2023334N08088,MICHAUNG,2023-12-01 09:00:00,9.5,85.3, , ,18,1002,95,25,1002,-3,440
2023334N08088,MICHAUNG,2023-12-01 12:00:00,9.7,85.1,25,1001,20,1001,100,25,1001,-3,429
2023334N08088,MICHAUNG,2023-12-01 15:00:00,9.8,85.0, , ,23,1001,110,25,1001,-3,424
2023334N08088,MICHAUNG,2023-12-01 18:00:00,9.9,84.8,25,1000,25,1000,120,25,1000,-3,409
2023334N08088,MICHAUNG,2023-12-01 21:00:00,9.9,84.5, , ,25,1000,120,28,999,-3,379
2023334N08088,MICHAUNG,2023-12-02 00:00:00,10.1,84.1,30,998,25,999,120,30,998,-3,361
2023334N08088,MICHAUNG,2023-12-02 03:00:00,10.2,83.8,30,997,25,999,110,30,997,-3,331
2023334N08088,MICHAUNG,2023-12-02 06:00:00,10.3,83.6,30,997,25,998,100,30,997,-1,318
2023334N08088,MICHAUNG,2023-12-02 09:00:00,10.4,83.5, , ,28,997,98,30,997,-1,316
2023334N08088,MICHAUNG,2023-12-02 12:00:00,10.5,83.5,30,997,30,996,95,30,997,-1,329
2023334N08088,MICHAUNG,2023-12-02 15:00:00,10.7,83.3, , ,30,995,95,30,997,-1,315
2023334N08088,MICHAUNG,2023-12-02 18:00:00,10.8,83.1,30,996,30,994,95,30,996,-1,312
2023334N08088,MICHAUNG,2023-12-02 21:00:00,11.0,83.0, , ,33,994,75,33,996,-1,307
2023334N08088,MICHAUNG,2023-12-03 00:00:00,11.3,82.9,35,995,35,993,55,35,995,0,321
2023334N08088,MICHAUNG,2023-12-03 03:00:00,11.5,82.7,35,995,35,993,55,35,995,0,294
2023334N08088,MICHAUNG,2023-12-03 06:00:00,11.9,82.5,35,995,35,993,55,35,995,0,259
2023334N08088,MICHAUNG,2023-12-03 09:00:00,12.1,82.4,35,995,38,993,53,35,995,0,243
2023334N08088,MICHAUNG,2023-12-03 12:00:00,12.3,82.3,35,995,40,992,50,35,995,0,229
2023334N08088,MICHAUNG,2023-12-03 15:00:00,12.5,82.1,40,994,45,992,40,40,994,0,206
2023334N08088,MICHAUNG,2023-12-03 18:00:00,12.8,81.8,45,992,50,991,30,45,992,0,171
2023334N08088,MICHAUNG,2023-12-03 21:00:00,12.9,81.6,45,992,53,991,35,45,992,0,147
2023334N08088,MICHAUNG,2023-12-04 00:00:00,13.1,81.4,45,992,55,990,40,45,992,0,121
2023334N08088,MICHAUNG,2023-12-04 03:00:00,13.3,81.1,50,988,55,990,38,50,988,0,86
2023334N08088,MICHAUNG,2023-12-04 06:00:00,13.5,80.9,50,988,55,989,35,50,988,0,64
2023334N08088,MICHAUNG,2023-12-04 09:00:00,13.7,80.7,50,988,58,989,30,50,988,0,43
2023334N08088,MICHAUNG,2023-12-04 12:00:00,14.0,80.6,55,986,60,988,25,55,986,0,39
2023334N08088,MICHAUNG,2023-12-04 15:00:00,14.2,80.4,55,986,63,987,25,55,986,0,32
2023334N08088,MICHAUNG,2023-12-04 18:00:00,14.4,80.3,55,986,65,985,25,55,986,1,21
2023334N08088,MICHAUNG,2023-12-04 21:00:00,14.6,80.2,55,986,63,986,25,55,986,0,0
2023334N08088,MICHAUNG,2023-12-05 00:00:00,14.9,80.1,50,988,60,987,25,50,988,0,15
2023334N08088,MICHAUNG,2023-12-05 03:00:00,15.2,80.1,50,988,58,989,25,50,988,0,10
2023334N08088,MICHAUNG,2023-12-05 06:00:00,15.6,80.2,50,988,55,991,25,50,988,0,0
2023334N08088,MICHAUNG,2023-12-05 09:00:00,15.8,80.2,50,990,50,993,28,50,990,0,0
2023334N08088,MICHAUNG,2023-12-05 12:00:00,16.0,80.2,40,996,45,994,30,40,996,0,0
2023334N08088,MICHAUNG,2023-12-05 15:00:00,16.4,80.3,35,998,40,995,30,35,998,0,0
2023334N08088,MICHAUNG,2023-12-05 18:00:00,16.9,80.4,30,1000,35,996,30,30,1000,0,0
2023334N08088,MICHAUNG,2023-12-05 21:00:00,17.1,80.5, , ,33,997,30,25,1002,-1,0
2023334N08088,MICHAUNG,2023-12-06 00:00:00,17.3,80.6,20,1004,30,997,30,20,1004,-1,0
2023334N08088,MICHAUNG,2023-12-06 03:00:00,17.7,80.8, , ,28,998,30, , ,-1,0
2023334N08088,MICHAUNG,2023-12-06 06:00:00,18.3,81.1, , ,25,999,30, , ,-1,0
